Name,Net Worth
Stella B. Battle,13853
Virginia Q. Salas,18065
Keiko S. Berry,6169
Dustin U. Hopkins,4857
Sloane O. Atkins,14022
Helen Z. Kinney,16878
Macaulay A. Howell,4886
Holmes W. Cantrell,-71323
Moana J. Sullivan,1807
Oleg Y. Hubbard,1863
Myles X. Moon,8315
Kylie E. Myers,19912
Arthur H. Ferrell,5768
Brenna H. Lowery,16749
Halla L. Thornton,12771
Barry Y. Rowland,3528
Jordan C. Jacobs,7368
Yardley V. Walls,9392
Bethany Y. Sharp,10789
Zia R. Wells,12325
Aaron G. Gould,19815
Marcia O. Fuentes,14892
Victoria Z. Gray,11704
Unity C. Conley,15868
Wanda P. Mann,-6996
Lamar Z. Alvarado,1636
Clementine U. Lamb,17491
Sybill F. Hodge,2933
Sage R. Hurley,9039
Steven T. Fields,4681
Violet F. Horton,17109
Armando M. Hayden,7106
Yardley N. Chen,1372
Lionel M. Nichols,19121
Sydney X. Mcintyre,4811
Jonah H. Hartman,13307
Henry O. West,536
Jolie A. Mann,29
Karly E. Parrish,8321
Allistair L. Munoz,10503
Paula X. Giles,15900
Natalie Y. Levy,16066
Gannon E. Figueroa,11593
Emmanuel M. Nicholson,16240
Tate O. Gardner,338
Kelly O. Santos,14903
Piper L. Flynn,12378
Joshua V. Austin,2515
Yvonne Z. Irwin,12193
Eaton F. Boyd,10520
Ginger I. Holmes,8336
Michael J. Macias,543
Noel Q. Wheeler,15160
Signe O. Guerra,19944
April F. Randall,6906
Galvin Y. Mcgee,9187
Jennifer E. Navarro,5600
Paki I. Boyle,4196
Tasha Z. William,3474
Lars W. Pope,15785
Ralph G. Bentley,17378
Howard H. Salas,14217
Yolanda Q. Griffin,148
Brandon L. Saunders,11532
Kellie H. Faulkner,4185
Mark T. Sosa,7929
Halla D. Farley,8242
Ethan O. Holden,17821
Mia N. Wood,1000000
Ezekiel S. Yates,1110
Giacomo P. Brock,375983
Xanthus L. Casey,11497
Kelsey F. Mcbride,12770
Benedict D. Durham,15462
Glenna S. Wyatt,-156
Cailin N. Hartman,17026
Suki W. Kidd,5101
Graiden X. Craig,414
Joy U. Reyes,15706
Hop T. Burnett,5216
Rama U. Underwood,12327
Honorato O. Best,6998
Nola E. Sloan,5622
Uma M. Mejia,9056
Sopoline A. Newton,12104
Erasmus X. Hamilton,4566
Hayden L. Keith,5054
Dante H. Horn,355
Orli T. Armstrong,19120
Alexandra X. Stanley,4640
Silas J. Horne,12957
Rudyard W. Herring,16301
Haley Z. Dorsey,1438
Lewis A. Burke,5568
Hilel Z. Dean,770
Barbara Z. Rivera,17272
Lilah Q. Porter,-9786
Angelica Z. King,3
Delilah N. Sweet,350
Valentine X. Henry,3099